class	path
de.gurkenlabs.litiengine.entities.AnimationInfo	/home/nima/Desktop/docker/benchmarks/litiengine/src/de/gurkenlabs/litiengine/entities/AnimationInfo.java
de.gurkenlabs.litiengine.entities.MapArea	/home/nima/Desktop/docker/benchmarks/litiengine/src/de/gurkenlabs/litiengine/entities/MapArea.java
de.gurkenlabs.litiengine.entities.Entity	/home/nima/Desktop/docker/benchmarks/litiengine/src/de/gurkenlabs/litiengine/entities/Entity.java
de.gurkenlabs.litiengine.entities.IEntity	/home/nima/Desktop/docker/benchmarks/litiengine/src/de/gurkenlabs/litiengine/entities/IEntity.java
de.gurkenlabs.litiengine.entities.EntityRenderListener	/home/nima/Desktop/docker/benchmarks/litiengine/src/de/gurkenlabs/litiengine/entities/EntityRenderListener.java
de.gurkenlabs.litiengine.entities.EntityRenderedListener	/home/nima/Desktop/docker/benchmarks/litiengine/src/de/gurkenlabs/litiengine/entities/EntityRenderedListener.java
de.gurkenlabs.litiengine.tweening.Tweenable	/home/nima/Desktop/docker/benchmarks/litiengine/src/de/gurkenlabs/litiengine/tweening/Tweenable.java
de.gurkenlabs.litiengine.entities.EntityInfo	/home/nima/Desktop/docker/benchmarks/litiengine/src/de/gurkenlabs/litiengine/entities/EntityInfo.java
de.gurkenlabs.litiengine.environment.tilemap.TmxType	/home/nima/Desktop/docker/benchmarks/litiengine/src/de/gurkenlabs/litiengine/environment/tilemap/TmxType.java
de.gurkenlabs.litiengine.entities.EntityTransformListener	/home/nima/Desktop/docker/benchmarks/litiengine/src/de/gurkenlabs/litiengine/entities/EntityTransformListener.java
de.gurkenlabs.litiengine.entities.EntityListener	/home/nima/Desktop/docker/benchmarks/litiengine/src/de/gurkenlabs/litiengine/entities/EntityListener.java
de.gurkenlabs.litiengine.entities.EntityMessageListener	/home/nima/Desktop/docker/benchmarks/litiengine/src/de/gurkenlabs/litiengine/entities/EntityMessageListener.java
de.gurkenlabs.litiengine.entities.EntityControllers	/home/nima/Desktop/docker/benchmarks/litiengine/src/de/gurkenlabs/litiengine/entities/EntityControllers.java
de.gurkenlabs.litiengine.entities.EntityActionMap	/home/nima/Desktop/docker/benchmarks/litiengine/src/de/gurkenlabs/litiengine/entities/EntityActionMap.java
de.gurkenlabs.litiengine.environment.tilemap.ICustomPropertyProvider	/home/nima/Desktop/docker/benchmarks/litiengine/src/de/gurkenlabs/litiengine/environment/tilemap/ICustomPropertyProvider.java
de.gurkenlabs.litiengine.environment.Environment	/home/nima/Desktop/docker/benchmarks/litiengine/src/de/gurkenlabs/litiengine/environment/Environment.java
de.gurkenlabs.litiengine.graphics.IRenderable	/home/nima/Desktop/docker/benchmarks/litiengine/src/de/gurkenlabs/litiengine/graphics/IRenderable.java
de.gurkenlabs.litiengine.graphics.RenderType	/home/nima/Desktop/docker/benchmarks/litiengine/src/de/gurkenlabs/litiengine/graphics/RenderType.java
de.gurkenlabs.litiengine.graphics.animation.IEntityAnimationController	/home/nima/Desktop/docker/benchmarks/litiengine/src/de/gurkenlabs/litiengine/graphics/animation/IEntityAnimationController.java
de.gurkenlabs.litiengine.graphics.animation.IAnimationController	/home/nima/Desktop/docker/benchmarks/litiengine/src/de/gurkenlabs/litiengine/graphics/animation/IAnimationController.java
de.gurkenlabs.litiengine.IUpdateable	/home/nima/Desktop/docker/benchmarks/litiengine/src/de/gurkenlabs/litiengine/IUpdateable.java
de.gurkenlabs.litiengine.entities.IEntityController	/home/nima/Desktop/docker/benchmarks/litiengine/src/de/gurkenlabs/litiengine/entities/IEntityController.java
de.gurkenlabs.litiengine.entities.behavior.IBehaviorController	/home/nima/Desktop/docker/benchmarks/litiengine/src/de/gurkenlabs/litiengine/entities/behavior/IBehaviorController.java
de.gurkenlabs.litiengine.entities.EntityAction	/home/nima/Desktop/docker/benchmarks/litiengine/src/de/gurkenlabs/litiengine/entities/EntityAction.java
de.gurkenlabs.litiengine.tweening.TweenType	/home/nima/Desktop/docker/benchmarks/litiengine/src/de/gurkenlabs/litiengine/tweening/TweenType.java
de.gurkenlabs.litiengine.entities.EntityRenderEvent	/home/nima/Desktop/docker/benchmarks/litiengine/src/de/gurkenlabs/litiengine/entities/EntityRenderEvent.java
de.gurkenlabs.litiengine.entities.EntityMessageEvent	/home/nima/Desktop/docker/benchmarks/litiengine/src/de/gurkenlabs/litiengine/entities/EntityMessageEvent.java
de.gurkenlabs.litiengine.graphics.animation.AnimationListener	/home/nima/Desktop/docker/benchmarks/litiengine/src/de/gurkenlabs/litiengine/graphics/animation/AnimationListener.java
de.gurkenlabs.litiengine.graphics.animation.Animation	/home/nima/Desktop/docker/benchmarks/litiengine/src/de/gurkenlabs/litiengine/graphics/animation/Animation.java
de.gurkenlabs.litiengine.ILaunchable	/home/nima/Desktop/docker/benchmarks/litiengine/src/de/gurkenlabs/litiengine/ILaunchable.java
de.gurkenlabs.litiengine.graphics.ImageEffect	/home/nima/Desktop/docker/benchmarks/litiengine/src/de/gurkenlabs/litiengine/graphics/ImageEffect.java
de.gurkenlabs.litiengine.ITimeToLive	/home/nima/Desktop/docker/benchmarks/litiengine/src/de/gurkenlabs/litiengine/ITimeToLive.java
de.gurkenlabs.litiengine.graphics.animation.KeyFrameListener	/home/nima/Desktop/docker/benchmarks/litiengine/src/de/gurkenlabs/litiengine/graphics/animation/KeyFrameListener.java
de.gurkenlabs.litiengine.graphics.animation.KeyFrame	/home/nima/Desktop/docker/benchmarks/litiengine/src/de/gurkenlabs/litiengine/graphics/animation/KeyFrame.java
de.gurkenlabs.litiengine.graphics.Spritesheet	/home/nima/Desktop/docker/benchmarks/litiengine/src/de/gurkenlabs/litiengine/graphics/Spritesheet.java
de.gurkenlabs.litiengine.resources.ImageFormat	/home/nima/Desktop/docker/benchmarks/litiengine/src/de/gurkenlabs/litiengine/resources/ImageFormat.java
de.gurkenlabs.litiengine.environment.IMapObjectLoader	/home/nima/Desktop/docker/benchmarks/litiengine/src/de/gurkenlabs/litiengine/environment/IMapObjectLoader.java
de.gurkenlabs.litiengine.entities.ICombatEntity	/home/nima/Desktop/docker/benchmarks/litiengine/src/de/gurkenlabs/litiengine/entities/ICombatEntity.java
de.gurkenlabs.litiengine.entities.ICollisionEntity	/home/nima/Desktop/docker/benchmarks/litiengine/src/de/gurkenlabs/litiengine/entities/ICollisionEntity.java
de.gurkenlabs.litiengine.entities.IMobileEntity	/home/nima/Desktop/docker/benchmarks/litiengine/src/de/gurkenlabs/litiengine/entities/IMobileEntity.java
de.gurkenlabs.litiengine.entities.IMobileEntity$EntityMovedListener	/home/nima/Desktop/docker/benchmarks/litiengine/src/de/gurkenlabs/litiengine/entities/IMobileEntity.java
de.gurkenlabs.litiengine.physics.GravityForce	/home/nima/Desktop/docker/benchmarks/litiengine/src/de/gurkenlabs/litiengine/physics/GravityForce.java
de.gurkenlabs.litiengine.physics.Force	/home/nima/Desktop/docker/benchmarks/litiengine/src/de/gurkenlabs/litiengine/physics/Force.java
de.gurkenlabs.litiengine.environment.tilemap.IMapObjectLayer	/home/nima/Desktop/docker/benchmarks/litiengine/src/de/gurkenlabs/litiengine/environment/tilemap/IMapObjectLayer.java
de.gurkenlabs.litiengine.environment.tilemap.ILayer	/home/nima/Desktop/docker/benchmarks/litiengine/src/de/gurkenlabs/litiengine/environment/tilemap/ILayer.java
de.gurkenlabs.litiengine.environment.EnvironmentRenderedListener	/home/nima/Desktop/docker/benchmarks/litiengine/src/de/gurkenlabs/litiengine/environment/EnvironmentRenderedListener.java
de.gurkenlabs.litiengine.environment.EnvironmentListener	/home/nima/Desktop/docker/benchmarks/litiengine/src/de/gurkenlabs/litiengine/environment/EnvironmentListener.java
de.gurkenlabs.litiengine.environment.EnvironmentLoadedListener	/home/nima/Desktop/docker/benchmarks/litiengine/src/de/gurkenlabs/litiengine/environment/EnvironmentLoadedListener.java
de.gurkenlabs.litiengine.environment.EnvironmentUnloadedListener	/home/nima/Desktop/docker/benchmarks/litiengine/src/de/gurkenlabs/litiengine/environment/EnvironmentUnloadedListener.java
de.gurkenlabs.litiengine.environment.EnvironmentEntityListener	/home/nima/Desktop/docker/benchmarks/litiengine/src/de/gurkenlabs/litiengine/environment/EnvironmentEntityListener.java
de.gurkenlabs.litiengine.graphics.emitters.Emitter	/home/nima/Desktop/docker/benchmarks/litiengine/src/de/gurkenlabs/litiengine/graphics/emitters/Emitter.java
de.gurkenlabs.litiengine.graphics.emitters.Emitter$EmitterFinishedListener	/home/nima/Desktop/docker/benchmarks/litiengine/src/de/gurkenlabs/litiengine/graphics/emitters/Emitter.java
de.gurkenlabs.litiengine.entities.CollisionInfo	/home/nima/Desktop/docker/benchmarks/litiengine/src/de/gurkenlabs/litiengine/entities/CollisionInfo.java
de.gurkenlabs.litiengine.entities.EmitterInfo	/home/nima/Desktop/docker/benchmarks/litiengine/src/de/gurkenlabs/litiengine/entities/EmitterInfo.java
de.gurkenlabs.litiengine.entities.CollisionBox	/home/nima/Desktop/docker/benchmarks/litiengine/src/de/gurkenlabs/litiengine/entities/CollisionBox.java
de.gurkenlabs.litiengine.entities.CollisionEntity	/home/nima/Desktop/docker/benchmarks/litiengine/src/de/gurkenlabs/litiengine/entities/CollisionEntity.java
de.gurkenlabs.litiengine.entities.Prop	/home/nima/Desktop/docker/benchmarks/litiengine/src/de/gurkenlabs/litiengine/entities/Prop.java
de.gurkenlabs.litiengine.entities.CombatEntity	/home/nima/Desktop/docker/benchmarks/litiengine/src/de/gurkenlabs/litiengine/entities/CombatEntity.java
de.gurkenlabs.litiengine.entities.CombatInfo	/home/nima/Desktop/docker/benchmarks/litiengine/src/de/gurkenlabs/litiengine/entities/CombatInfo.java
de.gurkenlabs.litiengine.entities.Creature	/home/nima/Desktop/docker/benchmarks/litiengine/src/de/gurkenlabs/litiengine/entities/Creature.java
de.gurkenlabs.litiengine.entities.MovementInfo	/home/nima/Desktop/docker/benchmarks/litiengine/src/de/gurkenlabs/litiengine/entities/MovementInfo.java
de.gurkenlabs.litiengine.entities.StaticShadow	/home/nima/Desktop/docker/benchmarks/litiengine/src/de/gurkenlabs/litiengine/entities/StaticShadow.java
de.gurkenlabs.litiengine.entities.LightSource	/home/nima/Desktop/docker/benchmarks/litiengine/src/de/gurkenlabs/litiengine/entities/LightSource.java
de.gurkenlabs.litiengine.entities.LightSource$Type	/home/nima/Desktop/docker/benchmarks/litiengine/src/de/gurkenlabs/litiengine/entities/LightSource.java
de.gurkenlabs.litiengine.entities.SoundSource	/home/nima/Desktop/docker/benchmarks/litiengine/src/de/gurkenlabs/litiengine/entities/SoundSource.java
de.gurkenlabs.litiengine.entities.Spawnpoint	/home/nima/Desktop/docker/benchmarks/litiengine/src/de/gurkenlabs/litiengine/entities/Spawnpoint.java
de.gurkenlabs.litiengine.entities.Spawnpoint$EntitySpawnedListener	/home/nima/Desktop/docker/benchmarks/litiengine/src/de/gurkenlabs/litiengine/entities/Spawnpoint.java
de.gurkenlabs.litiengine.entities.Trigger	/home/nima/Desktop/docker/benchmarks/litiengine/src/de/gurkenlabs/litiengine/entities/Trigger.java
de.gurkenlabs.litiengine.entities.Trigger$TriggerActivation	/home/nima/Desktop/docker/benchmarks/litiengine/src/de/gurkenlabs/litiengine/entities/Trigger.java
de.gurkenlabs.litiengine.graphics.AmbientLight	/home/nima/Desktop/docker/benchmarks/litiengine/src/de/gurkenlabs/litiengine/graphics/AmbientLight.java
de.gurkenlabs.litiengine.graphics.ColorLayer	/home/nima/Desktop/docker/benchmarks/litiengine/src/de/gurkenlabs/litiengine/graphics/ColorLayer.java
de.gurkenlabs.litiengine.graphics.StaticShadowLayer	/home/nima/Desktop/docker/benchmarks/litiengine/src/de/gurkenlabs/litiengine/graphics/StaticShadowLayer.java
de.gurkenlabs.litiengine.environment.tilemap.IMap	/home/nima/Desktop/docker/benchmarks/litiengine/src/de/gurkenlabs/litiengine/environment/tilemap/IMap.java
de.gurkenlabs.litiengine.environment.tilemap.ILayerList	/home/nima/Desktop/docker/benchmarks/litiengine/src/de/gurkenlabs/litiengine/environment/tilemap/ILayerList.java
de.gurkenlabs.litiengine.environment.tilemap.xml.Blueprint	/home/nima/Desktop/docker/benchmarks/litiengine/src/de/gurkenlabs/litiengine/environment/tilemap/xml/Blueprint.java
de.gurkenlabs.litiengine.environment.tilemap.xml.MapObject	/home/nima/Desktop/docker/benchmarks/litiengine/src/de/gurkenlabs/litiengine/environment/tilemap/xml/MapObject.java
de.gurkenlabs.litiengine.environment.tilemap.xml.CustomPropertyProvider	/home/nima/Desktop/docker/benchmarks/litiengine/src/de/gurkenlabs/litiengine/environment/tilemap/xml/CustomPropertyProvider.java
de.gurkenlabs.litiengine.environment.tilemap.IMapObject	/home/nima/Desktop/docker/benchmarks/litiengine/src/de/gurkenlabs/litiengine/environment/tilemap/IMapObject.java
de.gurkenlabs.litiengine.resources.Resource	/home/nima/Desktop/docker/benchmarks/litiengine/src/de/gurkenlabs/litiengine/resources/Resource.java
de.gurkenlabs.litiengine.environment.tilemap.ITilesetEntry	/home/nima/Desktop/docker/benchmarks/litiengine/src/de/gurkenlabs/litiengine/environment/tilemap/ITilesetEntry.java
de.gurkenlabs.litiengine.environment.tilemap.xml.PolyShape	/home/nima/Desktop/docker/benchmarks/litiengine/src/de/gurkenlabs/litiengine/environment/tilemap/xml/PolyShape.java
de.gurkenlabs.litiengine.environment.tilemap.IPolyShape	/home/nima/Desktop/docker/benchmarks/litiengine/src/de/gurkenlabs/litiengine/environment/tilemap/IPolyShape.java
de.gurkenlabs.litiengine.environment.tilemap.xml.Text	/home/nima/Desktop/docker/benchmarks/litiengine/src/de/gurkenlabs/litiengine/environment/tilemap/xml/Text.java
de.gurkenlabs.litiengine.environment.tilemap.IMapObjectText	/home/nima/Desktop/docker/benchmarks/litiengine/src/de/gurkenlabs/litiengine/environment/tilemap/IMapObjectText.java
de.gurkenlabs.litiengine.environment.tilemap.xml.MapObjectLayer	/home/nima/Desktop/docker/benchmarks/litiengine/src/de/gurkenlabs/litiengine/environment/tilemap/xml/MapObjectLayer.java
de.gurkenlabs.litiengine.environment.tilemap.xml.Layer	/home/nima/Desktop/docker/benchmarks/litiengine/src/de/gurkenlabs/litiengine/environment/tilemap/xml/Layer.java
de.gurkenlabs.litiengine.environment.tilemap.xml.TmxException	/home/nima/Desktop/docker/benchmarks/litiengine/src/de/gurkenlabs/litiengine/environment/tilemap/xml/TmxException.java
de.gurkenlabs.litiengine.environment.tilemap.xml.TmxMap	/home/nima/Desktop/docker/benchmarks/litiengine/src/de/gurkenlabs/litiengine/environment/tilemap/xml/TmxMap.java
de.gurkenlabs.litiengine.environment.tilemap.IMapOrientation	/home/nima/Desktop/docker/benchmarks/litiengine/src/de/gurkenlabs/litiengine/environment/tilemap/IMapOrientation.java
de.gurkenlabs.litiengine.environment.tilemap.RenderOrder	/home/nima/Desktop/docker/benchmarks/litiengine/src/de/gurkenlabs/litiengine/environment/tilemap/RenderOrder.java
de.gurkenlabs.litiengine.environment.tilemap.StaggerAxis	/home/nima/Desktop/docker/benchmarks/litiengine/src/de/gurkenlabs/litiengine/environment/tilemap/StaggerAxis.java
de.gurkenlabs.litiengine.environment.tilemap.StaggerIndex	/home/nima/Desktop/docker/benchmarks/litiengine/src/de/gurkenlabs/litiengine/environment/tilemap/StaggerIndex.java
de.gurkenlabs.litiengine.environment.tilemap.ITileset	/home/nima/Desktop/docker/benchmarks/litiengine/src/de/gurkenlabs/litiengine/environment/tilemap/ITileset.java
de.gurkenlabs.litiengine.environment.tilemap.ITileLayer	/home/nima/Desktop/docker/benchmarks/litiengine/src/de/gurkenlabs/litiengine/environment/tilemap/ITileLayer.java
de.gurkenlabs.litiengine.environment.tilemap.IImageLayer	/home/nima/Desktop/docker/benchmarks/litiengine/src/de/gurkenlabs/litiengine/environment/tilemap/IImageLayer.java
de.gurkenlabs.litiengine.environment.tilemap.IGroupLayer	/home/nima/Desktop/docker/benchmarks/litiengine/src/de/gurkenlabs/litiengine/environment/tilemap/IGroupLayer.java
de.gurkenlabs.litiengine.environment.tilemap.xml.Tileset	/home/nima/Desktop/docker/benchmarks/litiengine/src/de/gurkenlabs/litiengine/environment/tilemap/xml/Tileset.java
de.gurkenlabs.litiengine.environment.tilemap.xml.UnsupportedMapVersionException	/home/nima/Desktop/docker/benchmarks/litiengine/src/de/gurkenlabs/litiengine/environment/tilemap/xml/UnsupportedMapVersionException.java
de.gurkenlabs.litiengine.environment.tilemap.xml.MapImage	/home/nima/Desktop/docker/benchmarks/litiengine/src/de/gurkenlabs/litiengine/environment/tilemap/xml/MapImage.java
de.gurkenlabs.litiengine.environment.tilemap.IMapImage	/home/nima/Desktop/docker/benchmarks/litiengine/src/de/gurkenlabs/litiengine/environment/tilemap/IMapImage.java
de.gurkenlabs.litiengine.environment.tilemap.xml.TileOffset	/home/nima/Desktop/docker/benchmarks/litiengine/src/de/gurkenlabs/litiengine/environment/tilemap/xml/TileOffset.java
de.gurkenlabs.litiengine.environment.tilemap.ITileOffset	/home/nima/Desktop/docker/benchmarks/litiengine/src/de/gurkenlabs/litiengine/environment/tilemap/ITileOffset.java
de.gurkenlabs.litiengine.environment.tilemap.xml.Terrain	/home/nima/Desktop/docker/benchmarks/litiengine/src/de/gurkenlabs/litiengine/environment/tilemap/xml/Terrain.java
de.gurkenlabs.litiengine.environment.tilemap.ITerrain	/home/nima/Desktop/docker/benchmarks/litiengine/src/de/gurkenlabs/litiengine/environment/tilemap/ITerrain.java
de.gurkenlabs.litiengine.environment.tilemap.xml.TilesetEntry	/home/nima/Desktop/docker/benchmarks/litiengine/src/de/gurkenlabs/litiengine/environment/tilemap/xml/TilesetEntry.java
de.gurkenlabs.litiengine.environment.tilemap.ICustomProperty	/home/nima/Desktop/docker/benchmarks/litiengine/src/de/gurkenlabs/litiengine/environment/tilemap/ICustomProperty.java
de.gurkenlabs.litiengine.environment.tilemap.ITile	/home/nima/Desktop/docker/benchmarks/litiengine/src/de/gurkenlabs/litiengine/environment/tilemap/ITile.java
de.gurkenlabs.litiengine.environment.tilemap.xml.TileAnimation	/home/nima/Desktop/docker/benchmarks/litiengine/src/de/gurkenlabs/litiengine/environment/tilemap/xml/TileAnimation.java
de.gurkenlabs.litiengine.environment.tilemap.ITileAnimation	/home/nima/Desktop/docker/benchmarks/litiengine/src/de/gurkenlabs/litiengine/environment/tilemap/ITileAnimation.java
de.gurkenlabs.litiengine.environment.tilemap.ITileAnimationFrame	/home/nima/Desktop/docker/benchmarks/litiengine/src/de/gurkenlabs/litiengine/environment/tilemap/ITileAnimationFrame.java
de.gurkenlabs.litiengine.Align	/home/nima/Desktop/docker/benchmarks/litiengine/src/de/gurkenlabs/litiengine/Align.java
de.gurkenlabs.litiengine.Valign	/home/nima/Desktop/docker/benchmarks/litiengine/src/de/gurkenlabs/litiengine/Valign.java
de.gurkenlabs.litiengine.entities.TriggerActivatedListener	/home/nima/Desktop/docker/benchmarks/litiengine/src/de/gurkenlabs/litiengine/entities/TriggerActivatedListener.java
de.gurkenlabs.litiengine.entities.TriggerDeactivatedListener	/home/nima/Desktop/docker/benchmarks/litiengine/src/de/gurkenlabs/litiengine/entities/TriggerDeactivatedListener.java
de.gurkenlabs.litiengine.entities.TriggerActivatingCondition	/home/nima/Desktop/docker/benchmarks/litiengine/src/de/gurkenlabs/litiengine/entities/TriggerActivatingCondition.java
de.gurkenlabs.litiengine.entities.TriggerListener	/home/nima/Desktop/docker/benchmarks/litiengine/src/de/gurkenlabs/litiengine/entities/TriggerListener.java
de.gurkenlabs.litiengine.entities.TriggerEvent	/home/nima/Desktop/docker/benchmarks/litiengine/src/de/gurkenlabs/litiengine/entities/TriggerEvent.java
de.gurkenlabs.litiengine.Direction	/home/nima/Desktop/docker/benchmarks/litiengine/src/de/gurkenlabs/litiengine/Direction.java
de.gurkenlabs.litiengine.entities.EntityPivotType	/home/nima/Desktop/docker/benchmarks/litiengine/src/de/gurkenlabs/litiengine/entities/EntityPivotType.java
de.gurkenlabs.litiengine.entities.EntitySpawnedEvent	/home/nima/Desktop/docker/benchmarks/litiengine/src/de/gurkenlabs/litiengine/entities/EntitySpawnedEvent.java
de.gurkenlabs.litiengine.sound.Sound	/home/nima/Desktop/docker/benchmarks/litiengine/src/de/gurkenlabs/litiengine/sound/Sound.java
de.gurkenlabs.litiengine.sound.SFXPlayback	/home/nima/Desktop/docker/benchmarks/litiengine/src/de/gurkenlabs/litiengine/sound/SFXPlayback.java
de.gurkenlabs.litiengine.sound.SoundPlayback	/home/nima/Desktop/docker/benchmarks/litiengine/src/de/gurkenlabs/litiengine/sound/SoundPlayback.java
de.gurkenlabs.litiengine.sound.SoundPlayback$VolumeControl	/home/nima/Desktop/docker/benchmarks/litiengine/src/de/gurkenlabs/litiengine/sound/SoundPlayback.java
de.gurkenlabs.litiengine.sound.SoundPlaybackListener	/home/nima/Desktop/docker/benchmarks/litiengine/src/de/gurkenlabs/litiengine/sound/SoundPlaybackListener.java
de.gurkenlabs.litiengine.tweening.TweenFunction	/home/nima/Desktop/docker/benchmarks/litiengine/src/de/gurkenlabs/litiengine/tweening/TweenFunction.java
de.gurkenlabs.litiengine.tweening.TweenEquation	/home/nima/Desktop/docker/benchmarks/litiengine/src/de/gurkenlabs/litiengine/tweening/TweenEquation.java
de.gurkenlabs.litiengine.sound.SoundEvent	/home/nima/Desktop/docker/benchmarks/litiengine/src/de/gurkenlabs/litiengine/sound/SoundEvent.java
de.gurkenlabs.litiengine.graphics.StaticShadowType	/home/nima/Desktop/docker/benchmarks/litiengine/src/de/gurkenlabs/litiengine/graphics/StaticShadowType.java
de.gurkenlabs.litiengine.attributes.Attribute	/home/nima/Desktop/docker/benchmarks/litiengine/src/de/gurkenlabs/litiengine/attributes/Attribute.java
de.gurkenlabs.litiengine.physics.IMovementController	/home/nima/Desktop/docker/benchmarks/litiengine/src/de/gurkenlabs/litiengine/physics/IMovementController.java
de.gurkenlabs.litiengine.entities.EntityMovedEvent	/home/nima/Desktop/docker/benchmarks/litiengine/src/de/gurkenlabs/litiengine/entities/EntityMovedEvent.java
de.gurkenlabs.litiengine.attributes.AttributeModifier	/home/nima/Desktop/docker/benchmarks/litiengine/src/de/gurkenlabs/litiengine/attributes/AttributeModifier.java
de.gurkenlabs.litiengine.attributes.Modification	/home/nima/Desktop/docker/benchmarks/litiengine/src/de/gurkenlabs/litiengine/attributes/Modification.java
de.gurkenlabs.litiengine.entities.Material	/home/nima/Desktop/docker/benchmarks/litiengine/src/de/gurkenlabs/litiengine/entities/Material.java
de.gurkenlabs.litiengine.entities.Rotation	/home/nima/Desktop/docker/benchmarks/litiengine/src/de/gurkenlabs/litiengine/entities/Rotation.java
de.gurkenlabs.litiengine.entities.PropState	/home/nima/Desktop/docker/benchmarks/litiengine/src/de/gurkenlabs/litiengine/entities/PropState.java
de.gurkenlabs.litiengine.entities.CombatEntityListener	/home/nima/Desktop/docker/benchmarks/litiengine/src/de/gurkenlabs/litiengine/entities/CombatEntityListener.java
de.gurkenlabs.litiengine.entities.CombatEntityHitListener	/home/nima/Desktop/docker/benchmarks/litiengine/src/de/gurkenlabs/litiengine/entities/CombatEntityHitListener.java
de.gurkenlabs.litiengine.entities.CombatEntityDeathListener	/home/nima/Desktop/docker/benchmarks/litiengine/src/de/gurkenlabs/litiengine/entities/CombatEntityDeathListener.java
de.gurkenlabs.litiengine.entities.CombatEntityResurrectListener	/home/nima/Desktop/docker/benchmarks/litiengine/src/de/gurkenlabs/litiengine/entities/CombatEntityResurrectListener.java
de.gurkenlabs.litiengine.abilities.effects.Effect	/home/nima/Desktop/docker/benchmarks/litiengine/src/de/gurkenlabs/litiengine/abilities/effects/Effect.java
de.gurkenlabs.litiengine.abilities.effects.Effect$EffectAppliedListener	/home/nima/Desktop/docker/benchmarks/litiengine/src/de/gurkenlabs/litiengine/abilities/effects/Effect.java
de.gurkenlabs.litiengine.abilities.effects.Effect$EffectCeasedListener	/home/nima/Desktop/docker/benchmarks/litiengine/src/de/gurkenlabs/litiengine/abilities/effects/Effect.java
de.gurkenlabs.litiengine.attributes.RangeAttribute	/home/nima/Desktop/docker/benchmarks/litiengine/src/de/gurkenlabs/litiengine/attributes/RangeAttribute.java
de.gurkenlabs.litiengine.abilities.Ability	/home/nima/Desktop/docker/benchmarks/litiengine/src/de/gurkenlabs/litiengine/abilities/Ability.java
de.gurkenlabs.litiengine.abilities.Ability$AbilityCastListener	/home/nima/Desktop/docker/benchmarks/litiengine/src/de/gurkenlabs/litiengine/abilities/Ability.java
de.gurkenlabs.litiengine.abilities.AbilityInfo	/home/nima/Desktop/docker/benchmarks/litiengine/src/de/gurkenlabs/litiengine/abilities/AbilityInfo.java
de.gurkenlabs.litiengine.abilities.AbilityAttributes	/home/nima/Desktop/docker/benchmarks/litiengine/src/de/gurkenlabs/litiengine/abilities/AbilityAttributes.java
de.gurkenlabs.litiengine.entities.EntityPivot	/home/nima/Desktop/docker/benchmarks/litiengine/src/de/gurkenlabs/litiengine/entities/EntityPivot.java
de.gurkenlabs.litiengine.abilities.CastType	/home/nima/Desktop/docker/benchmarks/litiengine/src/de/gurkenlabs/litiengine/abilities/CastType.java
de.gurkenlabs.litiengine.abilities.AbilityExecution	/home/nima/Desktop/docker/benchmarks/litiengine/src/de/gurkenlabs/litiengine/abilities/AbilityExecution.java
de.gurkenlabs.litiengine.abilities.effects.EffectEvent	/home/nima/Desktop/docker/benchmarks/litiengine/src/de/gurkenlabs/litiengine/abilities/effects/EffectEvent.java
de.gurkenlabs.litiengine.abilities.effects.EffectApplication	/home/nima/Desktop/docker/benchmarks/litiengine/src/de/gurkenlabs/litiengine/abilities/effects/EffectApplication.java
de.gurkenlabs.litiengine.abilities.effects.EffectTarget	/home/nima/Desktop/docker/benchmarks/litiengine/src/de/gurkenlabs/litiengine/abilities/effects/EffectTarget.java
de.gurkenlabs.litiengine.entities.RelativeEntityComparator	/home/nima/Desktop/docker/benchmarks/litiengine/src/de/gurkenlabs/litiengine/entities/RelativeEntityComparator.java
de.gurkenlabs.litiengine.entities.EntityHitEvent	/home/nima/Desktop/docker/benchmarks/litiengine/src/de/gurkenlabs/litiengine/entities/EntityHitEvent.java
de.gurkenlabs.litiengine.entities.CollisionListener	/home/nima/Desktop/docker/benchmarks/litiengine/src/de/gurkenlabs/litiengine/entities/CollisionListener.java
de.gurkenlabs.litiengine.physics.Collision	/home/nima/Desktop/docker/benchmarks/litiengine/src/de/gurkenlabs/litiengine/physics/Collision.java
de.gurkenlabs.litiengine.physics.CollisionEvent	/home/nima/Desktop/docker/benchmarks/litiengine/src/de/gurkenlabs/litiengine/physics/CollisionEvent.java
de.gurkenlabs.litiengine.graphics.emitters.particles.Particle	/home/nima/Desktop/docker/benchmarks/litiengine/src/de/gurkenlabs/litiengine/graphics/emitters/particles/Particle.java
de.gurkenlabs.litiengine.graphics.emitters.xml.EmitterData	/home/nima/Desktop/docker/benchmarks/litiengine/src/de/gurkenlabs/litiengine/graphics/emitters/xml/EmitterData.java
de.gurkenlabs.litiengine.graphics.emitters.particles.ParticleType	/home/nima/Desktop/docker/benchmarks/litiengine/src/de/gurkenlabs/litiengine/graphics/emitters/particles/ParticleType.java
de.gurkenlabs.litiengine.configuration.Quality	/home/nima/Desktop/docker/benchmarks/litiengine/src/de/gurkenlabs/litiengine/configuration/Quality.java
de.gurkenlabs.litiengine.graphics.emitters.xml.ParticleParameter	/home/nima/Desktop/docker/benchmarks/litiengine/src/de/gurkenlabs/litiengine/graphics/emitters/xml/ParticleParameter.java
de.gurkenlabs.litiengine.environment.tilemap.MapObjectType	/home/nima/Desktop/docker/benchmarks/litiengine/src/de/gurkenlabs/litiengine/environment/tilemap/MapObjectType.java
de.gurkenlabs.litiengine.entities.Tag	/home/nima/Desktop/docker/benchmarks/litiengine/src/de/gurkenlabs/litiengine/entities/Tag.java
de.gurkenlabs.litiengine.entities.Action	/home/nima/Desktop/docker/benchmarks/litiengine/src/de/gurkenlabs/litiengine/entities/Action.java
de.gurkenlabs.litiengine.entities.EntityYComparator	/home/nima/Desktop/docker/benchmarks/litiengine/src/de/gurkenlabs/litiengine/entities/EntityYComparator.java
de.gurkenlabs.litiengine.entities.EntityDistanceComparator	/home/nima/Desktop/docker/benchmarks/litiengine/src/de/gurkenlabs/litiengine/entities/EntityDistanceComparator.java
de.gurkenlabs.litiengine.entities.Tags	/home/nima/Desktop/docker/benchmarks/litiengine/src/de/gurkenlabs/litiengine/entities/Tags.java
de.gurkenlabs.litiengine.entities.behavior.EntityTransition	/home/nima/Desktop/docker/benchmarks/litiengine/src/de/gurkenlabs/litiengine/entities/behavior/EntityTransition.java
de.gurkenlabs.litiengine.entities.behavior.Transition	/home/nima/Desktop/docker/benchmarks/litiengine/src/de/gurkenlabs/litiengine/entities/behavior/Transition.java
de.gurkenlabs.litiengine.entities.behavior.State	/home/nima/Desktop/docker/benchmarks/litiengine/src/de/gurkenlabs/litiengine/entities/behavior/State.java
de.gurkenlabs.litiengine.entities.behavior.Path	/home/nima/Desktop/docker/benchmarks/litiengine/src/de/gurkenlabs/litiengine/entities/behavior/Path.java
de.gurkenlabs.litiengine.entities.behavior.PathFinder	/home/nima/Desktop/docker/benchmarks/litiengine/src/de/gurkenlabs/litiengine/entities/behavior/PathFinder.java
de.gurkenlabs.litiengine.entities.behavior.EntityNavigator	/home/nima/Desktop/docker/benchmarks/litiengine/src/de/gurkenlabs/litiengine/entities/behavior/EntityNavigator.java
de.gurkenlabs.litiengine.entities.behavior.NavigationListener	/home/nima/Desktop/docker/benchmarks/litiengine/src/de/gurkenlabs/litiengine/entities/behavior/NavigationListener.java
de.gurkenlabs.litiengine.entities.behavior.AStarPathFinder	/home/nima/Desktop/docker/benchmarks/litiengine/src/de/gurkenlabs/litiengine/entities/behavior/AStarPathFinder.java
de.gurkenlabs.litiengine.entities.behavior.AStarGrid	/home/nima/Desktop/docker/benchmarks/litiengine/src/de/gurkenlabs/litiengine/entities/behavior/AStarGrid.java
de.gurkenlabs.litiengine.entities.behavior.AStarNode	/home/nima/Desktop/docker/benchmarks/litiengine/src/de/gurkenlabs/litiengine/entities/behavior/AStarNode.java
de.gurkenlabs.litiengine.entities.behavior.StateMachine	/home/nima/Desktop/docker/benchmarks/litiengine/src/de/gurkenlabs/litiengine/entities/behavior/StateMachine.java
de.gurkenlabs.litiengine.entities.behavior.StateController	/home/nima/Desktop/docker/benchmarks/litiengine/src/de/gurkenlabs/litiengine/entities/behavior/StateController.java
de.gurkenlabs.litiengine.entities.behavior.EntityState	/home/nima/Desktop/docker/benchmarks/litiengine/src/de/gurkenlabs/litiengine/entities/behavior/EntityState.java
de.gurkenlabs.litiengine.environment.CollisionBoxMapObjectLoader	/home/nima/Desktop/docker/benchmarks/litiengine/src/de/gurkenlabs/litiengine/environment/CollisionBoxMapObjectLoader.java
de.gurkenlabs.litiengine.environment.MapObjectLoader	/home/nima/Desktop/docker/benchmarks/litiengine/src/de/gurkenlabs/litiengine/environment/MapObjectLoader.java
de.gurkenlabs.litiengine.environment.MapObjectSerializer	/home/nima/Desktop/docker/benchmarks/litiengine/src/de/gurkenlabs/litiengine/environment/MapObjectSerializer.java
de.gurkenlabs.litiengine.environment.SpawnpointMapObjectLoader	/home/nima/Desktop/docker/benchmarks/litiengine/src/de/gurkenlabs/litiengine/environment/SpawnpointMapObjectLoader.java
de.gurkenlabs.litiengine.environment.StaticShadowMapObjectLoader	/home/nima/Desktop/docker/benchmarks/litiengine/src/de/gurkenlabs/litiengine/environment/StaticShadowMapObjectLoader.java
de.gurkenlabs.litiengine.environment.GameWorld	/home/nima/Desktop/docker/benchmarks/litiengine/src/de/gurkenlabs/litiengine/environment/GameWorld.java
de.gurkenlabs.litiengine.graphics.ICamera	/home/nima/Desktop/docker/benchmarks/litiengine/src/de/gurkenlabs/litiengine/graphics/ICamera.java
de.gurkenlabs.litiengine.graphics.ICamera$ZoomChangedListener	/home/nima/Desktop/docker/benchmarks/litiengine/src/de/gurkenlabs/litiengine/graphics/ICamera.java
de.gurkenlabs.litiengine.graphics.ICamera$FocusChangedListener	/home/nima/Desktop/docker/benchmarks/litiengine/src/de/gurkenlabs/litiengine/graphics/ICamera.java
de.gurkenlabs.litiengine.graphics.FocusChangedEvent	/home/nima/Desktop/docker/benchmarks/litiengine/src/de/gurkenlabs/litiengine/graphics/FocusChangedEvent.java
de.gurkenlabs.litiengine.graphics.CameraEvent	/home/nima/Desktop/docker/benchmarks/litiengine/src/de/gurkenlabs/litiengine/graphics/CameraEvent.java
de.gurkenlabs.litiengine.graphics.ZoomChangedEvent	/home/nima/Desktop/docker/benchmarks/litiengine/src/de/gurkenlabs/litiengine/graphics/ZoomChangedEvent.java
de.gurkenlabs.litiengine.environment.SoundSourceMapObjectLoader	/home/nima/Desktop/docker/benchmarks/litiengine/src/de/gurkenlabs/litiengine/environment/SoundSourceMapObjectLoader.java
de.gurkenlabs.litiengine.environment.IEntitySpawner	/home/nima/Desktop/docker/benchmarks/litiengine/src/de/gurkenlabs/litiengine/environment/IEntitySpawner.java
de.gurkenlabs.litiengine.environment.IEntitySpawner$SpawnMode	/home/nima/Desktop/docker/benchmarks/litiengine/src/de/gurkenlabs/litiengine/environment/IEntitySpawner.java
de.gurkenlabs.litiengine.environment.CreatureMapObjectLoader	/home/nima/Desktop/docker/benchmarks/litiengine/src/de/gurkenlabs/litiengine/environment/CreatureMapObjectLoader.java
de.gurkenlabs.litiengine.environment.PropMapObjectLoader	/home/nima/Desktop/docker/benchmarks/litiengine/src/de/gurkenlabs/litiengine/environment/PropMapObjectLoader.java
de.gurkenlabs.litiengine.environment.CustomMapObjectLoader	/home/nima/Desktop/docker/benchmarks/litiengine/src/de/gurkenlabs/litiengine/environment/CustomMapObjectLoader.java
de.gurkenlabs.litiengine.environment.CustomMapObjectLoader$ConstructorInvocation	/home/nima/Desktop/docker/benchmarks/litiengine/src/de/gurkenlabs/litiengine/environment/CustomMapObjectLoader.java
de.gurkenlabs.litiengine.environment.EntitySpawner	/home/nima/Desktop/docker/benchmarks/litiengine/src/de/gurkenlabs/litiengine/environment/EntitySpawner.java
de.gurkenlabs.litiengine.environment.MapAreaMapObjectLoader	/home/nima/Desktop/docker/benchmarks/litiengine/src/de/gurkenlabs/litiengine/environment/MapAreaMapObjectLoader.java
de.gurkenlabs.litiengine.environment.EmitterMapObjectLoader	/home/nima/Desktop/docker/benchmarks/litiengine/src/de/gurkenlabs/litiengine/environment/EmitterMapObjectLoader.java
de.gurkenlabs.litiengine.environment.tilemap.MapOrientations	/home/nima/Desktop/docker/benchmarks/litiengine/src/de/gurkenlabs/litiengine/environment/tilemap/MapOrientations.java
de.gurkenlabs.litiengine.environment.tilemap.MapOrientations$Base	/home/nima/Desktop/docker/benchmarks/litiengine/src/de/gurkenlabs/litiengine/environment/tilemap/MapOrientations.java
de.gurkenlabs.litiengine.environment.tilemap.MapOrientations$Orthogonal	/home/nima/Desktop/docker/benchmarks/litiengine/src/de/gurkenlabs/litiengine/environment/tilemap/MapOrientations.java
de.gurkenlabs.litiengine.environment.tilemap.MapOrientations$Isometric	/home/nima/Desktop/docker/benchmarks/litiengine/src/de/gurkenlabs/litiengine/environment/tilemap/MapOrientations.java
de.gurkenlabs.litiengine.environment.tilemap.MapOrientations$StaggeredIsometric	/home/nima/Desktop/docker/benchmarks/litiengine/src/de/gurkenlabs/litiengine/environment/tilemap/MapOrientations.java
de.gurkenlabs.litiengine.environment.tilemap.MapOrientations$Hexagonal	/home/nima/Desktop/docker/benchmarks/litiengine/src/de/gurkenlabs/litiengine/environment/tilemap/MapOrientations.java
de.gurkenlabs.litiengine.environment.tilemap.MapProperty	/home/nima/Desktop/docker/benchmarks/litiengine/src/de/gurkenlabs/litiengine/environment/tilemap/MapProperty.java
de.gurkenlabs.litiengine.environment.tilemap.TmxProperty	/home/nima/Desktop/docker/benchmarks/litiengine/src/de/gurkenlabs/litiengine/environment/tilemap/TmxProperty.java
de.gurkenlabs.litiengine.environment.tilemap.xml.TileData	/home/nima/Desktop/docker/benchmarks/litiengine/src/de/gurkenlabs/litiengine/environment/tilemap/xml/TileData.java
de.gurkenlabs.litiengine.environment.tilemap.xml.TileData$Encoding	/home/nima/Desktop/docker/benchmarks/litiengine/src/de/gurkenlabs/litiengine/environment/tilemap/xml/TileData.java
de.gurkenlabs.litiengine.environment.tilemap.xml.TileData$Compression	/home/nima/Desktop/docker/benchmarks/litiengine/src/de/gurkenlabs/litiengine/environment/tilemap/xml/TileData.java
de.gurkenlabs.litiengine.environment.tilemap.xml.TileChunk	/home/nima/Desktop/docker/benchmarks/litiengine/src/de/gurkenlabs/litiengine/environment/tilemap/xml/TileChunk.java
de.gurkenlabs.litiengine.environment.tilemap.xml.Tile	/home/nima/Desktop/docker/benchmarks/litiengine/src/de/gurkenlabs/litiengine/environment/tilemap/xml/Tile.java
de.gurkenlabs.litiengine.environment.tilemap.xml.InvalidTileLayerException	/home/nima/Desktop/docker/benchmarks/litiengine/src/de/gurkenlabs/litiengine/environment/tilemap/xml/InvalidTileLayerException.java
de.gurkenlabs.litiengine.environment.tilemap.xml.GroupLayer	/home/nima/Desktop/docker/benchmarks/litiengine/src/de/gurkenlabs/litiengine/environment/tilemap/xml/GroupLayer.java
de.gurkenlabs.litiengine.environment.tilemap.xml.Frame	/home/nima/Desktop/docker/benchmarks/litiengine/src/de/gurkenlabs/litiengine/environment/tilemap/xml/Frame.java
de.gurkenlabs.litiengine.environment.tilemap.xml.ImageLayer	/home/nima/Desktop/docker/benchmarks/litiengine/src/de/gurkenlabs/litiengine/environment/tilemap/xml/ImageLayer.java
de.gurkenlabs.litiengine.environment.tilemap.xml.ColorAdapter	/home/nima/Desktop/docker/benchmarks/litiengine/src/de/gurkenlabs/litiengine/environment/tilemap/xml/ColorAdapter.java
de.gurkenlabs.litiengine.environment.tilemap.xml.DecimalFloatAdapter	/home/nima/Desktop/docker/benchmarks/litiengine/src/de/gurkenlabs/litiengine/environment/tilemap/xml/DecimalFloatAdapter.java
de.gurkenlabs.litiengine.environment.tilemap.xml.CustomProperty	/home/nima/Desktop/docker/benchmarks/litiengine/src/de/gurkenlabs/litiengine/environment/tilemap/xml/CustomProperty.java
de.gurkenlabs.litiengine.environment.tilemap.xml.MissingTmxResourceException	/home/nima/Desktop/docker/benchmarks/litiengine/src/de/gurkenlabs/litiengine/environment/tilemap/xml/MissingTmxResourceException.java
de.gurkenlabs.litiengine.environment.tilemap.xml.MissingImageException	/home/nima/Desktop/docker/benchmarks/litiengine/src/de/gurkenlabs/litiengine/environment/tilemap/xml/MissingImageException.java
de.gurkenlabs.litiengine.environment.tilemap.xml.TileLayer	/home/nima/Desktop/docker/benchmarks/litiengine/src/de/gurkenlabs/litiengine/environment/tilemap/xml/TileLayer.java
de.gurkenlabs.litiengine.environment.tilemap.xml.BooleanIntegerAdapter	/home/nima/Desktop/docker/benchmarks/litiengine/src/de/gurkenlabs/litiengine/environment/tilemap/xml/BooleanIntegerAdapter.java
de.gurkenlabs.litiengine.environment.tilemap.xml.CustomPropertyAdapter	/home/nima/Desktop/docker/benchmarks/litiengine/src/de/gurkenlabs/litiengine/environment/tilemap/xml/CustomPropertyAdapter.java
de.gurkenlabs.litiengine.environment.tilemap.xml.CustomPropertyAdapter$PropertyType	/home/nima/Desktop/docker/benchmarks/litiengine/src/de/gurkenlabs/litiengine/environment/tilemap/xml/CustomPropertyAdapter.java
de.gurkenlabs.litiengine.environment.tilemap.xml.CustomPropertyAdapter$Property	/home/nima/Desktop/docker/benchmarks/litiengine/src/de/gurkenlabs/litiengine/environment/tilemap/xml/CustomPropertyAdapter.java
de.gurkenlabs.litiengine.environment.tilemap.xml.CustomPropertyAdapter$PropertyList	/home/nima/Desktop/docker/benchmarks/litiengine/src/de/gurkenlabs/litiengine/environment/tilemap/xml/CustomPropertyAdapter.java
de.gurkenlabs.litiengine.environment.tilemap.xml.PolylineAdapter	/home/nima/Desktop/docker/benchmarks/litiengine/src/de/gurkenlabs/litiengine/environment/tilemap/xml/PolylineAdapter.java
de.gurkenlabs.litiengine.environment.tilemap.xml.MissingExternalTilesetException	/home/nima/Desktop/docker/benchmarks/litiengine/src/de/gurkenlabs/litiengine/environment/tilemap/xml/MissingExternalTilesetException.java
de.gurkenlabs.litiengine.environment.tilemap.MapRenderer	/home/nima/Desktop/docker/benchmarks/litiengine/src/de/gurkenlabs/litiengine/environment/tilemap/MapRenderer.java
de.gurkenlabs.litiengine.environment.tilemap.MapRenderer$LayerRenderedListener	/home/nima/Desktop/docker/benchmarks/litiengine/src/de/gurkenlabs/litiengine/environment/tilemap/MapRenderer.java
de.gurkenlabs.litiengine.environment.tilemap.MapRenderer$LayerRenderCondition	/home/nima/Desktop/docker/benchmarks/litiengine/src/de/gurkenlabs/litiengine/environment/tilemap/MapRenderer.java
de.gurkenlabs.litiengine.environment.tilemap.LayerRenderEvent	/home/nima/Desktop/docker/benchmarks/litiengine/src/de/gurkenlabs/litiengine/environment/tilemap/LayerRenderEvent.java
de.gurkenlabs.litiengine.environment.tilemap.LayerProperty	/home/nima/Desktop/docker/benchmarks/litiengine/src/de/gurkenlabs/litiengine/environment/tilemap/LayerProperty.java
de.gurkenlabs.litiengine.environment.tilemap.MapObjectProperty	/home/nima/Desktop/docker/benchmarks/litiengine/src/de/gurkenlabs/litiengine/environment/tilemap/MapObjectProperty.java
de.gurkenlabs.litiengine.environment.tilemap.MapObjectProperty$Emitter	/home/nima/Desktop/docker/benchmarks/litiengine/src/de/gurkenlabs/litiengine/environment/tilemap/MapObjectProperty.java
de.gurkenlabs.litiengine.environment.tilemap.MapObjectProperty$Particle	/home/nima/Desktop/docker/benchmarks/litiengine/src/de/gurkenlabs/litiengine/environment/tilemap/MapObjectProperty.java
de.gurkenlabs.litiengine.environment.tilemap.MapUtilities	/home/nima/Desktop/docker/benchmarks/litiengine/src/de/gurkenlabs/litiengine/environment/tilemap/MapUtilities.java
de.gurkenlabs.litiengine.environment.LightSourceMapObjectLoader	/home/nima/Desktop/docker/benchmarks/litiengine/src/de/gurkenlabs/litiengine/environment/LightSourceMapObjectLoader.java
de.gurkenlabs.litiengine.environment.TriggerMapObjectLoader	/home/nima/Desktop/docker/benchmarks/litiengine/src/de/gurkenlabs/litiengine/environment/TriggerMapObjectLoader.java
de.gurkenlabs.litiengine.physics.MovementController	/home/nima/Desktop/docker/benchmarks/litiengine/src/de/gurkenlabs/litiengine/physics/MovementController.java
de.gurkenlabs.litiengine.physics.RaycastHit	/home/nima/Desktop/docker/benchmarks/litiengine/src/de/gurkenlabs/litiengine/physics/RaycastHit.java
de.gurkenlabs.litiengine.physics.PhysicsEngine	/home/nima/Desktop/docker/benchmarks/litiengine/src/de/gurkenlabs/litiengine/physics/PhysicsEngine.java
de.gurkenlabs.litiengine.physics.PhysicsEngine$Intersection	/home/nima/Desktop/docker/benchmarks/litiengine/src/de/gurkenlabs/litiengine/physics/PhysicsEngine.java
de.gurkenlabs.litiengine.physics.StickyForce	/home/nima/Desktop/docker/benchmarks/litiengine/src/de/gurkenlabs/litiengine/physics/StickyForce.java
de.gurkenlabs.litiengine.gui.Appearance	/home/nima/Desktop/docker/benchmarks/litiengine/src/de/gurkenlabs/litiengine/gui/Appearance.java
de.gurkenlabs.litiengine.gui.Slider	/home/nima/Desktop/docker/benchmarks/litiengine/src/de/gurkenlabs/litiengine/gui/Slider.java
de.gurkenlabs.litiengine.gui.GuiComponent	/home/nima/Desktop/docker/benchmarks/litiengine/src/de/gurkenlabs/litiengine/gui/GuiComponent.java
de.gurkenlabs.litiengine.gui.ImageComponent	/home/nima/Desktop/docker/benchmarks/litiengine/src/de/gurkenlabs/litiengine/gui/ImageComponent.java
de.gurkenlabs.litiengine.gui.ImageScaleMode	/home/nima/Desktop/docker/benchmarks/litiengine/src/de/gurkenlabs/litiengine/gui/ImageScaleMode.java
de.gurkenlabs.litiengine.gui.ComponentMouseEvent	/home/nima/Desktop/docker/benchmarks/litiengine/src/de/gurkenlabs/litiengine/gui/ComponentMouseEvent.java
de.gurkenlabs.litiengine.gui.ComponentMouseWheelEvent	/home/nima/Desktop/docker/benchmarks/litiengine/src/de/gurkenlabs/litiengine/gui/ComponentMouseWheelEvent.java
de.gurkenlabs.litiengine.gui.GuiProperties	/home/nima/Desktop/docker/benchmarks/litiengine/src/de/gurkenlabs/litiengine/gui/GuiProperties.java
de.gurkenlabs.litiengine.gui.MouseDrawComponent	/home/nima/Desktop/docker/benchmarks/litiengine/src/de/gurkenlabs/litiengine/gui/MouseDrawComponent.java
de.gurkenlabs.litiengine.gui.ListField	/home/nima/Desktop/docker/benchmarks/litiengine/src/de/gurkenlabs/litiengine/gui/ListField.java
de.gurkenlabs.litiengine.gui.VerticalSlider	/home/nima/Desktop/docker/benchmarks/litiengine/src/de/gurkenlabs/litiengine/gui/VerticalSlider.java
de.gurkenlabs.litiengine.gui.HorizontalSlider	/home/nima/Desktop/docker/benchmarks/litiengine/src/de/gurkenlabs/litiengine/gui/HorizontalSlider.java
de.gurkenlabs.litiengine.gui.FontIcon	/home/nima/Desktop/docker/benchmarks/litiengine/src/de/gurkenlabs/litiengine/gui/FontIcon.java
de.gurkenlabs.litiengine.gui.SpeechBubbleAppearance	/home/nima/Desktop/docker/benchmarks/litiengine/src/de/gurkenlabs/litiengine/gui/SpeechBubbleAppearance.java
de.gurkenlabs.litiengine.gui.SpeechBubble	/home/nima/Desktop/docker/benchmarks/litiengine/src/de/gurkenlabs/litiengine/gui/SpeechBubble.java
de.gurkenlabs.litiengine.gui.SpeechBubbleListener	/home/nima/Desktop/docker/benchmarks/litiengine/src/de/gurkenlabs/litiengine/gui/SpeechBubbleListener.java
de.gurkenlabs.litiengine.gui.Menu	/home/nima/Desktop/docker/benchmarks/litiengine/src/de/gurkenlabs/litiengine/gui/Menu.java
de.gurkenlabs.litiengine.gui.ImageComponentList	/home/nima/Desktop/docker/benchmarks/litiengine/src/de/gurkenlabs/litiengine/gui/ImageComponentList.java
de.gurkenlabs.litiengine.gui.DropdownListField	/home/nima/Desktop/docker/benchmarks/litiengine/src/de/gurkenlabs/litiengine/gui/DropdownListField.java
de.gurkenlabs.litiengine.gui.TextFieldComponent	/home/nima/Desktop/docker/benchmarks/litiengine/src/de/gurkenlabs/litiengine/gui/TextFieldComponent.java
de.gurkenlabs.litiengine.gui.NumberAdjuster	/home/nima/Desktop/docker/benchmarks/litiengine/src/de/gurkenlabs/litiengine/gui/NumberAdjuster.java
de.gurkenlabs.litiengine.gui.CheckBox	/home/nima/Desktop/docker/benchmarks/litiengine/src/de/gurkenlabs/litiengine/gui/CheckBox.java
de.gurkenlabs.litiengine.gui.screens.ScreenChangedListener	/home/nima/Desktop/docker/benchmarks/litiengine/src/de/gurkenlabs/litiengine/gui/screens/ScreenChangedListener.java
de.gurkenlabs.litiengine.gui.screens.ScreenChangedEvent	/home/nima/Desktop/docker/benchmarks/litiengine/src/de/gurkenlabs/litiengine/gui/screens/ScreenChangedEvent.java
de.gurkenlabs.litiengine.gui.screens.Screen	/home/nima/Desktop/docker/benchmarks/litiengine/src/de/gurkenlabs/litiengine/gui/screens/Screen.java
de.gurkenlabs.litiengine.gui.screens.GameScreen	/home/nima/Desktop/docker/benchmarks/litiengine/src/de/gurkenlabs/litiengine/gui/screens/GameScreen.java
de.gurkenlabs.litiengine.gui.screens.Resolution	/home/nima/Desktop/docker/benchmarks/litiengine/src/de/gurkenlabs/litiengine/gui/screens/Resolution.java
de.gurkenlabs.litiengine.gui.screens.Resolution$Ratio4x3	/home/nima/Desktop/docker/benchmarks/litiengine/src/de/gurkenlabs/litiengine/gui/screens/Resolution.java
de.gurkenlabs.litiengine.gui.screens.Resolution$Ratio5x4	/home/nima/Desktop/docker/benchmarks/litiengine/src/de/gurkenlabs/litiengine/gui/screens/Resolution.java
de.gurkenlabs.litiengine.gui.screens.Resolution$Ratio16x9	/home/nima/Desktop/docker/benchmarks/litiengine/src/de/gurkenlabs/litiengine/gui/screens/Resolution.java
de.gurkenlabs.litiengine.gui.screens.Resolution$Ratio16x10	/home/nima/Desktop/docker/benchmarks/litiengine/src/de/gurkenlabs/litiengine/gui/screens/Resolution.java
de.gurkenlabs.litiengine.gui.screens.Resolution$Ratio	/home/nima/Desktop/docker/benchmarks/litiengine/src/de/gurkenlabs/litiengine/gui/screens/Resolution.java
de.gurkenlabs.litiengine.gui.screens.ScreenManager	/home/nima/Desktop/docker/benchmarks/litiengine/src/de/gurkenlabs/litiengine/gui/screens/ScreenManager.java
de.gurkenlabs.litiengine.ILoop	/home/nima/Desktop/docker/benchmarks/litiengine/src/de/gurkenlabs/litiengine/ILoop.java
de.gurkenlabs.litiengine.GameListener	/home/nima/Desktop/docker/benchmarks/litiengine/src/de/gurkenlabs/litiengine/GameListener.java
de.gurkenlabs.litiengine.GameWindow	/home/nima/Desktop/docker/benchmarks/litiengine/src/de/gurkenlabs/litiengine/GameWindow.java
de.gurkenlabs.litiengine.GameWindow$1	/home/nima/Desktop/docker/benchmarks/litiengine/src/de/gurkenlabs/litiengine/GameWindow.java
de.gurkenlabs.litiengine.GameWindow$2	/home/nima/Desktop/docker/benchmarks/litiengine/src/de/gurkenlabs/litiengine/GameWindow.java
de.gurkenlabs.litiengine.GameWindow$3	/home/nima/Desktop/docker/benchmarks/litiengine/src/de/gurkenlabs/litiengine/GameWindow.java
de.gurkenlabs.litiengine.GameWindow$4	/home/nima/Desktop/docker/benchmarks/litiengine/src/de/gurkenlabs/litiengine/GameWindow.java
de.gurkenlabs.litiengine.GameWindow$ResolutionChangedListener	/home/nima/Desktop/docker/benchmarks/litiengine/src/de/gurkenlabs/litiengine/GameWindow.java
de.gurkenlabs.litiengine.graphics.RenderComponent	/home/nima/Desktop/docker/benchmarks/litiengine/src/de/gurkenlabs/litiengine/graphics/RenderComponent.java
de.gurkenlabs.litiengine.graphics.MouseCursor	/home/nima/Desktop/docker/benchmarks/litiengine/src/de/gurkenlabs/litiengine/graphics/MouseCursor.java
de.gurkenlabs.litiengine.configuration.DisplayMode	/home/nima/Desktop/docker/benchmarks/litiengine/src/de/gurkenlabs/litiengine/configuration/DisplayMode.java
de.gurkenlabs.litiengine.DefaultUncaughtExceptionHandler	/home/nima/Desktop/docker/benchmarks/litiengine/src/de/gurkenlabs/litiengine/DefaultUncaughtExceptionHandler.java
de.gurkenlabs.litiengine.NullUnmarked	/home/nima/Desktop/docker/benchmarks/litiengine/src/de/gurkenlabs/litiengine/NullUnmarked.java
de.gurkenlabs.litiengine.UpdateLoop	/home/nima/Desktop/docker/benchmarks/litiengine/src/de/gurkenlabs/litiengine/UpdateLoop.java
de.gurkenlabs.litiengine.GameLog	/home/nima/Desktop/docker/benchmarks/litiengine/src/de/gurkenlabs/litiengine/GameLog.java
de.gurkenlabs.litiengine.tweening.Tween	/home/nima/Desktop/docker/benchmarks/litiengine/src/de/gurkenlabs/litiengine/tweening/Tween.java
de.gurkenlabs.litiengine.tweening.TweenEngine	/home/nima/Desktop/docker/benchmarks/litiengine/src/de/gurkenlabs/litiengine/tweening/TweenEngine.java
de.gurkenlabs.litiengine.input.GamepadEntityController	/home/nima/Desktop/docker/benchmarks/litiengine/src/de/gurkenlabs/litiengine/input/GamepadEntityController.java
de.gurkenlabs.litiengine.input.GamepadManager	/home/nima/Desktop/docker/benchmarks/litiengine/src/de/gurkenlabs/litiengine/input/GamepadManager.java
de.gurkenlabs.litiengine.input.GamepadManager$1	/home/nima/Desktop/docker/benchmarks/litiengine/src/de/gurkenlabs/litiengine/input/GamepadManager.java
de.gurkenlabs.litiengine.input.GamepadManager$GamepadAddedListener	/home/nima/Desktop/docker/benchmarks/litiengine/src/de/gurkenlabs/litiengine/input/GamepadManager.java
de.gurkenlabs.litiengine.input.GamepadManager$GamepadRemovedListener	/home/nima/Desktop/docker/benchmarks/litiengine/src/de/gurkenlabs/litiengine/input/GamepadManager.java
de.gurkenlabs.litiengine.input.GamepadEvents	/home/nima/Desktop/docker/benchmarks/litiengine/src/de/gurkenlabs/litiengine/input/GamepadEvents.java
de.gurkenlabs.litiengine.input.GamepadEvents$GamepadPollListener	/home/nima/Desktop/docker/benchmarks/litiengine/src/de/gurkenlabs/litiengine/input/GamepadEvents.java
de.gurkenlabs.litiengine.input.GamepadEvents$GamepadPressedListener	/home/nima/Desktop/docker/benchmarks/litiengine/src/de/gurkenlabs/litiengine/input/GamepadEvents.java
de.gurkenlabs.litiengine.input.GamepadEvents$GamepadReleasedListener	/home/nima/Desktop/docker/benchmarks/litiengine/src/de/gurkenlabs/litiengine/input/GamepadEvents.java
de.gurkenlabs.litiengine.input.Gamepad	/home/nima/Desktop/docker/benchmarks/litiengine/src/de/gurkenlabs/litiengine/input/Gamepad.java
de.gurkenlabs.litiengine.input.Gamepad$Axis	/home/nima/Desktop/docker/benchmarks/litiengine/src/de/gurkenlabs/litiengine/input/Gamepad.java
de.gurkenlabs.litiengine.input.Gamepad$Buttons	/home/nima/Desktop/docker/benchmarks/litiengine/src/de/gurkenlabs/litiengine/input/Gamepad.java
de.gurkenlabs.litiengine.input.Gamepad$DPad	/home/nima/Desktop/docker/benchmarks/litiengine/src/de/gurkenlabs/litiengine/input/Gamepad.java
de.gurkenlabs.litiengine.input.Gamepad$Xbox	/home/nima/Desktop/docker/benchmarks/litiengine/src/de/gurkenlabs/litiengine/input/Gamepad.java
de.gurkenlabs.litiengine.input.GamepadEvent	/home/nima/Desktop/docker/benchmarks/litiengine/src/de/gurkenlabs/litiengine/input/GamepadEvent.java
de.gurkenlabs.litiengine.input.KeyboardEntityController	/home/nima/Desktop/docker/benchmarks/litiengine/src/de/gurkenlabs/litiengine/input/KeyboardEntityController.java
de.gurkenlabs.litiengine.input.Mouse	/home/nima/Desktop/docker/benchmarks/litiengine/src/de/gurkenlabs/litiengine/input/Mouse.java
de.gurkenlabs.litiengine.input.IMouse	/home/nima/Desktop/docker/benchmarks/litiengine/src/de/gurkenlabs/litiengine/input/IMouse.java
de.gurkenlabs.litiengine.input.IMouse$MouseClickedListener	/home/nima/Desktop/docker/benchmarks/litiengine/src/de/gurkenlabs/litiengine/input/IMouse.java
de.gurkenlabs.litiengine.input.IMouse$MouseDraggedListener	/home/nima/Desktop/docker/benchmarks/litiengine/src/de/gurkenlabs/litiengine/input/IMouse.java
de.gurkenlabs.litiengine.input.IMouse$MouseMovedListener	/home/nima/Desktop/docker/benchmarks/litiengine/src/de/gurkenlabs/litiengine/input/IMouse.java
de.gurkenlabs.litiengine.input.IMouse$MousePressedListener	/home/nima/Desktop/docker/benchmarks/litiengine/src/de/gurkenlabs/litiengine/input/IMouse.java
de.gurkenlabs.litiengine.input.IMouse$MousePressingListener	/home/nima/Desktop/docker/benchmarks/litiengine/src/de/gurkenlabs/litiengine/input/IMouse.java
de.gurkenlabs.litiengine.input.IMouse$MouseReleasedListener	/home/nima/Desktop/docker/benchmarks/litiengine/src/de/gurkenlabs/litiengine/input/IMouse.java
de.gurkenlabs.litiengine.input.MousePathController	/home/nima/Desktop/docker/benchmarks/litiengine/src/de/gurkenlabs/litiengine/input/MousePathController.java
de.gurkenlabs.litiengine.input.Input	/home/nima/Desktop/docker/benchmarks/litiengine/src/de/gurkenlabs/litiengine/input/Input.java
de.gurkenlabs.litiengine.input.Input$InputGameAdapter	/home/nima/Desktop/docker/benchmarks/litiengine/src/de/gurkenlabs/litiengine/input/Input.java
de.gurkenlabs.litiengine.input.IKeyboard	/home/nima/Desktop/docker/benchmarks/litiengine/src/de/gurkenlabs/litiengine/input/IKeyboard.java
de.gurkenlabs.litiengine.input.IKeyboard$KeyPressedListener	/home/nima/Desktop/docker/benchmarks/litiengine/src/de/gurkenlabs/litiengine/input/IKeyboard.java
de.gurkenlabs.litiengine.input.IKeyboard$KeyReleasedListener	/home/nima/Desktop/docker/benchmarks/litiengine/src/de/gurkenlabs/litiengine/input/IKeyboard.java
de.gurkenlabs.litiengine.input.IKeyboard$KeyTypedListener	/home/nima/Desktop/docker/benchmarks/litiengine/src/de/gurkenlabs/litiengine/input/IKeyboard.java
de.gurkenlabs.litiengine.input.PlatformingMovementController	/home/nima/Desktop/docker/benchmarks/litiengine/src/de/gurkenlabs/litiengine/input/PlatformingMovementController.java
de.gurkenlabs.litiengine.input.Keyboard	/home/nima/Desktop/docker/benchmarks/litiengine/src/de/gurkenlabs/litiengine/input/Keyboard.java
de.gurkenlabs.litiengine.GameTime	/home/nima/Desktop/docker/benchmarks/litiengine/src/de/gurkenlabs/litiengine/GameTime.java
de.gurkenlabs.litiengine.GameLoop	/home/nima/Desktop/docker/benchmarks/litiengine/src/de/gurkenlabs/litiengine/GameLoop.java
de.gurkenlabs.litiengine.GameLoop$TimedAction	/home/nima/Desktop/docker/benchmarks/litiengine/src/de/gurkenlabs/litiengine/GameLoop.java
de.gurkenlabs.litiengine.IGameLoop	/home/nima/Desktop/docker/benchmarks/litiengine/src/de/gurkenlabs/litiengine/IGameLoop.java
de.gurkenlabs.litiengine.configuration.ClientConfiguration	/home/nima/Desktop/docker/benchmarks/litiengine/src/de/gurkenlabs/litiengine/configuration/ClientConfiguration.java
de.gurkenlabs.litiengine.configuration.ConfigurationGroup	/home/nima/Desktop/docker/benchmarks/litiengine/src/de/gurkenlabs/litiengine/configuration/ConfigurationGroup.java
de.gurkenlabs.litiengine.configuration.ConfigurationGroup$ConfigurationChangedListener	/home/nima/Desktop/docker/benchmarks/litiengine/src/de/gurkenlabs/litiengine/configuration/ConfigurationGroup.java
de.gurkenlabs.litiengine.configuration.ConfigurationGroupInfo	/home/nima/Desktop/docker/benchmarks/litiengine/src/de/gurkenlabs/litiengine/configuration/ConfigurationGroupInfo.java
de.gurkenlabs.litiengine.configuration.DebugConfiguration	/home/nima/Desktop/docker/benchmarks/litiengine/src/de/gurkenlabs/litiengine/configuration/DebugConfiguration.java
de.gurkenlabs.litiengine.configuration.GraphicConfiguration	/home/nima/Desktop/docker/benchmarks/litiengine/src/de/gurkenlabs/litiengine/configuration/GraphicConfiguration.java
de.gurkenlabs.litiengine.configuration.SoundConfiguration	/home/nima/Desktop/docker/benchmarks/litiengine/src/de/gurkenlabs/litiengine/configuration/SoundConfiguration.java
de.gurkenlabs.litiengine.configuration.CleanProperties	/home/nima/Desktop/docker/benchmarks/litiengine/src/de/gurkenlabs/litiengine/configuration/CleanProperties.java
de.gurkenlabs.litiengine.configuration.CleanProperties$StripFirstLineStream	/home/nima/Desktop/docker/benchmarks/litiengine/src/de/gurkenlabs/litiengine/configuration/CleanProperties.java
de.gurkenlabs.litiengine.configuration.InputConfiguration	/home/nima/Desktop/docker/benchmarks/litiengine/src/de/gurkenlabs/litiengine/configuration/InputConfiguration.java
de.gurkenlabs.litiengine.configuration.Configuration	/home/nima/Desktop/docker/benchmarks/litiengine/src/de/gurkenlabs/litiengine/configuration/Configuration.java
de.gurkenlabs.litiengine.configuration.GameConfiguration	/home/nima/Desktop/docker/benchmarks/litiengine/src/de/gurkenlabs/litiengine/configuration/GameConfiguration.java
de.gurkenlabs.litiengine.util.AlphanumComparator	/home/nima/Desktop/docker/benchmarks/litiengine/src/de/gurkenlabs/litiengine/util/AlphanumComparator.java
de.gurkenlabs.litiengine.util.io.Codec	/home/nima/Desktop/docker/benchmarks/litiengine/src/de/gurkenlabs/litiengine/util/io/Codec.java
de.gurkenlabs.litiengine.util.io.StreamUtilities	/home/nima/Desktop/docker/benchmarks/litiengine/src/de/gurkenlabs/litiengine/util/io/StreamUtilities.java
de.gurkenlabs.litiengine.util.io.CompressionUtilities	/home/nima/Desktop/docker/benchmarks/litiengine/src/de/gurkenlabs/litiengine/util/io/CompressionUtilities.java
de.gurkenlabs.litiengine.util.io.XmlUtilities	/home/nima/Desktop/docker/benchmarks/litiengine/src/de/gurkenlabs/litiengine/util/io/XmlUtilities.java
de.gurkenlabs.litiengine.util.io.URLAdapter	/home/nima/Desktop/docker/benchmarks/litiengine/src/de/gurkenlabs/litiengine/util/io/URLAdapter.java
de.gurkenlabs.litiengine.util.io.FileUtilities	/home/nima/Desktop/docker/benchmarks/litiengine/src/de/gurkenlabs/litiengine/util/io/FileUtilities.java
de.gurkenlabs.litiengine.util.io.ImageSerializer	/home/nima/Desktop/docker/benchmarks/litiengine/src/de/gurkenlabs/litiengine/util/io/ImageSerializer.java
de.gurkenlabs.litiengine.util.FontUtilities	/home/nima/Desktop/docker/benchmarks/litiengine/src/de/gurkenlabs/litiengine/util/FontUtilities.java
de.gurkenlabs.litiengine.util.ReflectionUtilities	/home/nima/Desktop/docker/benchmarks/litiengine/src/de/gurkenlabs/litiengine/util/ReflectionUtilities.java
de.gurkenlabs.litiengine.util.TimeUtilities	/home/nima/Desktop/docker/benchmarks/litiengine/src/de/gurkenlabs/litiengine/util/TimeUtilities.java
de.gurkenlabs.litiengine.util.TimeUtilities$TimerFormat	/home/nima/Desktop/docker/benchmarks/litiengine/src/de/gurkenlabs/litiengine/util/TimeUtilities.java
de.gurkenlabs.litiengine.util.CommandManager	/home/nima/Desktop/docker/benchmarks/litiengine/src/de/gurkenlabs/litiengine/util/CommandManager.java
de.gurkenlabs.litiengine.util.CommandManager$ConsoleCommandProcessor	/home/nima/Desktop/docker/benchmarks/litiengine/src/de/gurkenlabs/litiengine/util/CommandManager.java
de.gurkenlabs.litiengine.util.Imaging	/home/nima/Desktop/docker/benchmarks/litiengine/src/de/gurkenlabs/litiengine/util/Imaging.java
de.gurkenlabs.litiengine.util.Imaging$1	/home/nima/Desktop/docker/benchmarks/litiengine/src/de/gurkenlabs/litiengine/util/Imaging.java
de.gurkenlabs.litiengine.util.UriUtilities	/home/nima/Desktop/docker/benchmarks/litiengine/src/de/gurkenlabs/litiengine/util/UriUtilities.java
de.gurkenlabs.litiengine.util.geom.GeometricUtilities	/home/nima/Desktop/docker/benchmarks/litiengine/src/de/gurkenlabs/litiengine/util/geom/GeometricUtilities.java
de.gurkenlabs.litiengine.util.geom.Vector2D	/home/nima/Desktop/docker/benchmarks/litiengine/src/de/gurkenlabs/litiengine/util/geom/Vector2D.java
de.gurkenlabs.litiengine.util.geom.PointDistanceComparator	/home/nima/Desktop/docker/benchmarks/litiengine/src/de/gurkenlabs/litiengine/util/geom/PointDistanceComparator.java
de.gurkenlabs.litiengine.util.geom.Trigonometry	/home/nima/Desktop/docker/benchmarks/litiengine/src/de/gurkenlabs/litiengine/util/geom/Trigonometry.java
de.gurkenlabs.litiengine.util.MathUtilities	/home/nima/Desktop/docker/benchmarks/litiengine/src/de/gurkenlabs/litiengine/util/MathUtilities.java
de.gurkenlabs.litiengine.util.Stopwatch	/home/nima/Desktop/docker/benchmarks/litiengine/src/de/gurkenlabs/litiengine/util/Stopwatch.java
de.gurkenlabs.litiengine.util.ListUtilities	/home/nima/Desktop/docker/benchmarks/litiengine/src/de/gurkenlabs/litiengine/util/ListUtilities.java
de.gurkenlabs.litiengine.util.ArrayUtilities	/home/nima/Desktop/docker/benchmarks/litiengine/src/de/gurkenlabs/litiengine/util/ArrayUtilities.java
de.gurkenlabs.litiengine.util.ColorHelper	/home/nima/Desktop/docker/benchmarks/litiengine/src/de/gurkenlabs/litiengine/util/ColorHelper.java
de.gurkenlabs.litiengine.resources.DataFormat	/home/nima/Desktop/docker/benchmarks/litiengine/src/de/gurkenlabs/litiengine/resources/DataFormat.java
de.gurkenlabs.litiengine.resources.TextureAtlas	/home/nima/Desktop/docker/benchmarks/litiengine/src/de/gurkenlabs/litiengine/resources/TextureAtlas.java
de.gurkenlabs.litiengine.resources.TextureAtlas$Sprite	/home/nima/Desktop/docker/benchmarks/litiengine/src/de/gurkenlabs/litiengine/resources/TextureAtlas.java
de.gurkenlabs.litiengine.resources.TextureAtlas$CustomBooleanAdapter	/home/nima/Desktop/docker/benchmarks/litiengine/src/de/gurkenlabs/litiengine/resources/TextureAtlas.java
de.gurkenlabs.litiengine.resources.ResourcesContainer	/home/nima/Desktop/docker/benchmarks/litiengine/src/de/gurkenlabs/litiengine/resources/ResourcesContainer.java
de.gurkenlabs.litiengine.resources.ResourcesContainer$1	/home/nima/Desktop/docker/benchmarks/litiengine/src/de/gurkenlabs/litiengine/resources/ResourcesContainer.java
de.gurkenlabs.litiengine.resources.ResourcesContainerListener	/home/nima/Desktop/docker/benchmarks/litiengine/src/de/gurkenlabs/litiengine/resources/ResourcesContainerListener.java
de.gurkenlabs.litiengine.resources.ResourcesContainerClearedListener	/home/nima/Desktop/docker/benchmarks/litiengine/src/de/gurkenlabs/litiengine/resources/ResourcesContainerClearedListener.java
de.gurkenlabs.litiengine.resources.Strings	/home/nima/Desktop/docker/benchmarks/litiengine/src/de/gurkenlabs/litiengine/resources/Strings.java
de.gurkenlabs.litiengine.resources.Sounds	/home/nima/Desktop/docker/benchmarks/litiengine/src/de/gurkenlabs/litiengine/resources/Sounds.java
de.gurkenlabs.litiengine.resources.SoundResource	/home/nima/Desktop/docker/benchmarks/litiengine/src/de/gurkenlabs/litiengine/resources/SoundResource.java
de.gurkenlabs.litiengine.resources.NamedResource	/home/nima/Desktop/docker/benchmarks/litiengine/src/de/gurkenlabs/litiengine/resources/NamedResource.java
de.gurkenlabs.litiengine.resources.SoundFormat	/home/nima/Desktop/docker/benchmarks/litiengine/src/de/gurkenlabs/litiengine/resources/SoundFormat.java
de.gurkenlabs.litiengine.resources.SpritesheetResource	/home/nima/Desktop/docker/benchmarks/litiengine/src/de/gurkenlabs/litiengine/resources/SpritesheetResource.java
de.gurkenlabs.litiengine.resources.Maps	/home/nima/Desktop/docker/benchmarks/litiengine/src/de/gurkenlabs/litiengine/resources/Maps.java
de.gurkenlabs.litiengine.resources.Maps$MapGenerator	/home/nima/Desktop/docker/benchmarks/litiengine/src/de/gurkenlabs/litiengine/resources/Maps.java
de.gurkenlabs.litiengine.resources.Blueprints	/home/nima/Desktop/docker/benchmarks/litiengine/src/de/gurkenlabs/litiengine/resources/Blueprints.java
de.gurkenlabs.litiengine.resources.Resources	/home/nima/Desktop/docker/benchmarks/litiengine/src/de/gurkenlabs/litiengine/resources/Resources.java
de.gurkenlabs.litiengine.resources.Fonts	/home/nima/Desktop/docker/benchmarks/litiengine/src/de/gurkenlabs/litiengine/resources/Fonts.java
de.gurkenlabs.litiengine.resources.Tilesets	/home/nima/Desktop/docker/benchmarks/litiengine/src/de/gurkenlabs/litiengine/resources/Tilesets.java
de.gurkenlabs.litiengine.resources.Images	/home/nima/Desktop/docker/benchmarks/litiengine/src/de/gurkenlabs/litiengine/resources/Images.java
de.gurkenlabs.litiengine.resources.Spritesheets	/home/nima/Desktop/docker/benchmarks/litiengine/src/de/gurkenlabs/litiengine/resources/Spritesheets.java
de.gurkenlabs.litiengine.resources.ResourceBundle	/home/nima/Desktop/docker/benchmarks/litiengine/src/de/gurkenlabs/litiengine/resources/ResourceBundle.java
de.gurkenlabs.litiengine.resources.ResourceLoadException	/home/nima/Desktop/docker/benchmarks/litiengine/src/de/gurkenlabs/litiengine/resources/ResourceLoadException.java
de.gurkenlabs.litiengine.GameMetrics	/home/nima/Desktop/docker/benchmarks/litiengine/src/de/gurkenlabs/litiengine/GameMetrics.java
de.gurkenlabs.litiengine.GameMetrics$RenderMetrics	/home/nima/Desktop/docker/benchmarks/litiengine/src/de/gurkenlabs/litiengine/GameMetrics.java
de.gurkenlabs.litiengine.GameMetrics$RenderInfo	/home/nima/Desktop/docker/benchmarks/litiengine/src/de/gurkenlabs/litiengine/GameMetrics.java
de.gurkenlabs.litiengine.GameInfo	/home/nima/Desktop/docker/benchmarks/litiengine/src/de/gurkenlabs/litiengine/GameInfo.java
de.gurkenlabs.litiengine.sound.LoopedTrack	/home/nima/Desktop/docker/benchmarks/litiengine/src/de/gurkenlabs/litiengine/sound/LoopedTrack.java
de.gurkenlabs.litiengine.sound.Track	/home/nima/Desktop/docker/benchmarks/litiengine/src/de/gurkenlabs/litiengine/sound/Track.java
de.gurkenlabs.litiengine.sound.IntroTrack	/home/nima/Desktop/docker/benchmarks/litiengine/src/de/gurkenlabs/litiengine/sound/IntroTrack.java
de.gurkenlabs.litiengine.sound.IntroTrack$Iter	/home/nima/Desktop/docker/benchmarks/litiengine/src/de/gurkenlabs/litiengine/sound/IntroTrack.java
de.gurkenlabs.litiengine.sound.SinglePlayTrack	/home/nima/Desktop/docker/benchmarks/litiengine/src/de/gurkenlabs/litiengine/sound/SinglePlayTrack.java
de.gurkenlabs.litiengine.sound.SinglePlayTrack$Iter	/home/nima/Desktop/docker/benchmarks/litiengine/src/de/gurkenlabs/litiengine/sound/SinglePlayTrack.java
de.gurkenlabs.litiengine.sound.SoundEngine	/home/nima/Desktop/docker/benchmarks/litiengine/src/de/gurkenlabs/litiengine/sound/SoundEngine.java
de.gurkenlabs.litiengine.sound.SoundEngine$1	/home/nima/Desktop/docker/benchmarks/litiengine/src/de/gurkenlabs/litiengine/sound/SoundEngine.java
de.gurkenlabs.litiengine.sound.MusicPlayback	/home/nima/Desktop/docker/benchmarks/litiengine/src/de/gurkenlabs/litiengine/sound/MusicPlayback.java
de.gurkenlabs.litiengine.abilities.effects.SoundEffect	/home/nima/Desktop/docker/benchmarks/litiengine/src/de/gurkenlabs/litiengine/abilities/effects/SoundEffect.java
de.gurkenlabs.litiengine.abilities.effects.AttributeEffect	/home/nima/Desktop/docker/benchmarks/litiengine/src/de/gurkenlabs/litiengine/abilities/effects/AttributeEffect.java
de.gurkenlabs.litiengine.abilities.effects.ForceEffect	/home/nima/Desktop/docker/benchmarks/litiengine/src/de/gurkenlabs/litiengine/abilities/effects/ForceEffect.java
de.gurkenlabs.litiengine.GameRandom	/home/nima/Desktop/docker/benchmarks/litiengine/src/de/gurkenlabs/litiengine/GameRandom.java
de.gurkenlabs.litiengine.graphics.OverlayPixelsImageEffect	/home/nima/Desktop/docker/benchmarks/litiengine/src/de/gurkenlabs/litiengine/graphics/OverlayPixelsImageEffect.java
de.gurkenlabs.litiengine.graphics.PositionLockCamera	/home/nima/Desktop/docker/benchmarks/litiengine/src/de/gurkenlabs/litiengine/graphics/PositionLockCamera.java
de.gurkenlabs.litiengine.graphics.Camera	/home/nima/Desktop/docker/benchmarks/litiengine/src/de/gurkenlabs/litiengine/graphics/Camera.java
de.gurkenlabs.litiengine.graphics.animation.CreatureAnimationController	/home/nima/Desktop/docker/benchmarks/litiengine/src/de/gurkenlabs/litiengine/graphics/animation/CreatureAnimationController.java
de.gurkenlabs.litiengine.graphics.animation.EntityAnimationController	/home/nima/Desktop/docker/benchmarks/litiengine/src/de/gurkenlabs/litiengine/graphics/animation/EntityAnimationController.java
de.gurkenlabs.litiengine.graphics.animation.EntityAnimationController$AnimationRule	/home/nima/Desktop/docker/benchmarks/litiengine/src/de/gurkenlabs/litiengine/graphics/animation/EntityAnimationController.java
de.gurkenlabs.litiengine.graphics.animation.AnimationController	/home/nima/Desktop/docker/benchmarks/litiengine/src/de/gurkenlabs/litiengine/graphics/animation/AnimationController.java
de.gurkenlabs.litiengine.graphics.CreatureAnimationState	/home/nima/Desktop/docker/benchmarks/litiengine/src/de/gurkenlabs/litiengine/graphics/CreatureAnimationState.java
de.gurkenlabs.litiengine.graphics.animation.PropAnimationController	/home/nima/Desktop/docker/benchmarks/litiengine/src/de/gurkenlabs/litiengine/graphics/animation/PropAnimationController.java
de.gurkenlabs.litiengine.graphics.EntityRotationImageEffect	/home/nima/Desktop/docker/benchmarks/litiengine/src/de/gurkenlabs/litiengine/graphics/EntityRotationImageEffect.java
de.gurkenlabs.litiengine.graphics.RotationImageEffect	/home/nima/Desktop/docker/benchmarks/litiengine/src/de/gurkenlabs/litiengine/graphics/RotationImageEffect.java
de.gurkenlabs.litiengine.graphics.MapRenderedListener	/home/nima/Desktop/docker/benchmarks/litiengine/src/de/gurkenlabs/litiengine/graphics/MapRenderedListener.java
de.gurkenlabs.litiengine.graphics.MapRenderedEvent	/home/nima/Desktop/docker/benchmarks/litiengine/src/de/gurkenlabs/litiengine/graphics/MapRenderedEvent.java
de.gurkenlabs.litiengine.graphics.RenderEngine	/home/nima/Desktop/docker/benchmarks/litiengine/src/de/gurkenlabs/litiengine/graphics/RenderEngine.java
de.gurkenlabs.litiengine.graphics.CreatureShadowImageEffect	/home/nima/Desktop/docker/benchmarks/litiengine/src/de/gurkenlabs/litiengine/graphics/CreatureShadowImageEffect.java
de.gurkenlabs.litiengine.graphics.FreeFlightCamera	/home/nima/Desktop/docker/benchmarks/litiengine/src/de/gurkenlabs/litiengine/graphics/FreeFlightCamera.java
de.gurkenlabs.litiengine.graphics.TextRenderer	/home/nima/Desktop/docker/benchmarks/litiengine/src/de/gurkenlabs/litiengine/graphics/TextRenderer.java
de.gurkenlabs.litiengine.graphics.ShapeRenderer	/home/nima/Desktop/docker/benchmarks/litiengine/src/de/gurkenlabs/litiengine/graphics/ShapeRenderer.java
de.gurkenlabs.litiengine.graphics.DebugRenderer	/home/nima/Desktop/docker/benchmarks/litiengine/src/de/gurkenlabs/litiengine/graphics/DebugRenderer.java
de.gurkenlabs.litiengine.graphics.ImageRenderer	/home/nima/Desktop/docker/benchmarks/litiengine/src/de/gurkenlabs/litiengine/graphics/ImageRenderer.java
de.gurkenlabs.litiengine.graphics.emitters.particles.TextParticle	/home/nima/Desktop/docker/benchmarks/litiengine/src/de/gurkenlabs/litiengine/graphics/emitters/particles/TextParticle.java
de.gurkenlabs.litiengine.graphics.emitters.particles.EllipseParticle	/home/nima/Desktop/docker/benchmarks/litiengine/src/de/gurkenlabs/litiengine/graphics/emitters/particles/EllipseParticle.java
de.gurkenlabs.litiengine.graphics.emitters.particles.ShapeParticle	/home/nima/Desktop/docker/benchmarks/litiengine/src/de/gurkenlabs/litiengine/graphics/emitters/particles/ShapeParticle.java
de.gurkenlabs.litiengine.graphics.emitters.particles.RectangleParticle	/home/nima/Desktop/docker/benchmarks/litiengine/src/de/gurkenlabs/litiengine/graphics/emitters/particles/RectangleParticle.java
de.gurkenlabs.litiengine.graphics.emitters.particles.PolygonParticle	/home/nima/Desktop/docker/benchmarks/litiengine/src/de/gurkenlabs/litiengine/graphics/emitters/particles/PolygonParticle.java
de.gurkenlabs.litiengine.graphics.emitters.particles.SpriteParticle	/home/nima/Desktop/docker/benchmarks/litiengine/src/de/gurkenlabs/litiengine/graphics/emitters/particles/SpriteParticle.java
de.gurkenlabs.litiengine.graphics.emitters.particles.LineParticle	/home/nima/Desktop/docker/benchmarks/litiengine/src/de/gurkenlabs/litiengine/graphics/emitters/particles/LineParticle.java
de.gurkenlabs.litiengine.graphics.emitters.xml.EmitterLoader	/home/nima/Desktop/docker/benchmarks/litiengine/src/de/gurkenlabs/litiengine/graphics/emitters/xml/EmitterLoader.java
de.gurkenlabs.litiengine.graphics.emitters.EntityEmitter	/home/nima/Desktop/docker/benchmarks/litiengine/src/de/gurkenlabs/litiengine/graphics/emitters/EntityEmitter.java
de.gurkenlabs.litiengine.Initializer	/home/nima/Desktop/docker/benchmarks/litiengine/src/de/gurkenlabs/litiengine/Initializer.java
de.gurkenlabs.litiengine.Game	/home/nima/Desktop/docker/benchmarks/litiengine/src/de/gurkenlabs/litiengine/Game.java
